{
    "loss": 0.22889044880867004,
    "accuracy": 0.9051724076271057
}