{
    "loss": 0.2597213685512543,
    "accuracy": 0.8965517282485962
}